Key,Summary,Type,Environment,Service,Operation,DueDate,StartDate,Status,Priority,Labels,Assignee,Reporter,Description,LatestComment,Stream,Theme,JiraUrl
DSM-E001,prd | CoreStream | hot-patch deploy,SERVICE_OP,prd,CoreStream,hot-patch deploy,2026-09-01,2026-09-01,Done,Medium,service-release||change-management,Riley Flame,Logan Snow,"Emergency hot-patch applied to CoreStream event bus to resolve elevated message drop rate and producer backpressure.","Deployment completed. Consumer lag back to baseline within 10 minutes.",New Initiatives,Infra Pillars,https://example.atlassian.net/browse/DSM-E001
DSM-E002,prd | ZenithCore | OIDC config remediation,SERVICE_OP,prd,ZenithCore,OIDC config remediation,2026-09-01,2026-09-01,Done,Medium,service-release||change-management,Logan Snow,Riley Flame,"OIDC configuration fix applied to ZenithCore to resolve elevated token verification latency affecting customer login flow.","Config update applied. Token validation latency back to p95 target.",New Initiatives,Customer Facing Foundations,https://example.atlassian.net/browse/DSM-E002
DSM-E003,prd | FusionPoint | PSP routing rollback,SERVICE_OP,prd,FusionPoint,PSP routing rollback,2026-09-02,2026-09-02,Done,High,service-release||change-management,Blake Fox,Cameron Shade,"Rolled back FusionPoint PSP routing configuration to previous stable version following timeout spike on primary acquirer.","Rollback completed. Transaction success rate restored to 99.8%.",Digital Enablers,Payment Systems,https://example.atlassian.net/browse/DSM-E003
DSM-E004,stg | DataHub | schema migration v12,SERVICE_OP,stg,DataHub,schema migration v12,2026-09-03,2026-09-03,Done,Medium,service-release||change-management,Riley Flame,Logan Snow,"DataHub schema migration v12 applied to staging. New partition strategy for cold-tier data and updated topic naming convention.","Migration validated. Performance metrics within expected range.",New Initiatives,Infra Pillars,https://example.atlassian.net/browse/DSM-E004
DSM-E005,prd | AlphaLayer | TLS cert renewal,SERVICE_OP,prd,AlphaLayer,TLS cert renewal,2026-09-04,2026-09-04,Done,Medium,service-release||change-management,Cameron Shade,Elliot Hunter,"TLS certificates renewed on AlphaLayer API gateway before expiry. Zero-downtime rotation using pre-distributed new certs.","Certificate rotation completed. All partner integrations verified.",RocketScience Themes,Data Entry Tools,https://example.atlassian.net/browse/DSM-E005
DSM-E006,qa | CyberEngine | risk model v4.2 staging,SERVICE_OP,qa,CyberEngine,risk model v4.2 staging,2026-09-05,2026-09-05,Done,Medium,service-release||change-management,Cameron Shade,Riley Flame,"CyberEngine ML fraud detection model v4.2 deployed to QA environment for full validation cycle before production promotion.","Model validation passed. False positive rate within acceptable range.",Expansion Themes,Gaming,https://example.atlassian.net/browse/DSM-E006
DSM-E007,prd | NovaNode | EMEA edge firmware rollout,SERVICE_OP,prd,NovaNode,EMEA edge firmware rollout,2026-09-05,2026-09-05,Done,Medium,service-release||change-management,Elliot West,Phoenix Moon,"Firmware update rolled out to 40 NovaNode edge devices in EMEA warehouse locations.","All 40 devices confirmed online and reporting healthy telemetry.",Expansion Themes,Back End,https://example.atlassian.net/browse/DSM-E007
DSM-E008,prd | QuantumSync | event bus capacity +40%,SERVICE_OP,prd,QuantumSync,event bus capacity +40%,2026-09-08,2026-09-08,Done,High,service-release||change-management,Riley Flame,Cameron Shade,"QuantumSync event bus partitions scaled up 40% ahead of Q3 campaign peak demand window starting September 8th.","Capacity increase applied. Throughput headroom confirmed via load test.",Expansion Themes,Gaming,https://example.atlassian.net/browse/DSM-E008
DSM-E009,stg | LogicLab | feature flag sync update,SERVICE_OP,stg,LogicLab,feature flag sync update,2026-09-09,2026-09-09,Done,Low,service-release||change-management,Kai Wolfe,Winter Brooks,"LogicLab feature flag sync configuration updated in staging to resolve TTL drift affecting stale flag values.","TTL drift resolved. Flag propagation time back to SLA.",Expansion Themes,Back End,https://example.atlassian.net/browse/DSM-E009
DSM-E010,prd | MatrixNet | schema registry v3 update,SERVICE_OP,prd,MatrixNet,schema registry v3 update,2026-09-10,2026-09-10,Done,Medium,service-release||change-management,Cameron Shade,Riley Flame,"MatrixNet schema registry updated to v3 format with full backward-compatibility for all existing consumers.","Schema update applied. All consumers validated against new registry.",New Initiatives,Infra Pillars,https://example.atlassian.net/browse/DSM-E010
DSM-E011,prd | ZenithCore | JWT signing key rotation,SERVICE_OP,prd,ZenithCore,JWT signing key rotation,2026-09-11,2026-09-11,Done,High,service-release||change-management,Logan Snow,Riley Flame,"Quarterly JWT signing key rotation on ZenithCore. Keys pre-registered across relying parties to ensure zero-downtime rotation.","Key rotation complete. All downstream OIDC relying parties validated.",New Initiatives,Customer Facing Foundations,https://example.atlassian.net/browse/DSM-E011
DSM-E012,prd | StreamNode | consumer group rebalance,SERVICE_OP,prd,StreamNode,consumer group rebalance,2026-09-12,2026-09-12,Done,Medium,service-release||change-management,Elliot West,Logan Snow,"Planned consumer group rebalance on StreamNode to improve partition distribution across processing nodes.","Rebalance completed. Ingestion lag eliminated. SLA restored.",New Initiatives,Data Science,https://example.atlassian.net/browse/DSM-E012
DSM-E013,dev | QuantumCore | service mesh config update,SERVICE_OP,dev,QuantumCore,service mesh config update,2026-09-13,2026-09-13,Done,Low,service-release||change-management,Cameron Shade,Winter Brooks,"QuantumCore service mesh configuration updated in dev environment to apply new mTLS mutual authentication policy.","Config validated in dev. Ready for staging promotion.",Expansion Themes,Back End,https://example.atlassian.net/browse/DSM-E013
DSM-E014,prd | QuantumCore | service account rotation,SERVICE_OP,prd,QuantumCore,service account rotation,2026-09-15,2026-09-15,Done,Medium,service-release||change-management,Logan Snow,Riley Flame,"Quarterly service account credential rotation for QuantumCore internal workloads. Aligned with Q3 security audit schedule.","Rotation completed. All dependent services confirmed authentication successful.",Expansion Themes,Back End,https://example.atlassian.net/browse/DSM-E014
DSM-E015,stg | GammaFlow | fraud rule engine update,SERVICE_OP,stg,GammaFlow,fraud rule engine update,2026-09-16,2026-09-16,Done,Medium,service-release||change-management,Cameron Shade,Drew West,"GammaFlow fraud rule engine updated in staging with revised Q3 velocity check parameters for high-value transactions.","Rule update validated. False negative rate within target range.",Digital Enablers,Payment Systems,https://example.atlassian.net/browse/DSM-E015
DSM-E016,prd | FusionPoint | APAC acquirer endpoint activation,SERVICE_OP,prd,FusionPoint,APAC acquirer endpoint activation,2026-09-17,2026-09-17,Done,High,service-release||change-management,Blake Fox,Emerson Rivers,"New APAC acquirer endpoint activated in FusionPoint PSP routing configuration following certification sign-off.","Endpoint activated. APAC payment routing confirmed via test transaction sweep.",Digital Enablers,Payment Systems,https://example.atlassian.net/browse/DSM-E016
DSM-E017,prd | DataHub | cold tier archival migration,SERVICE_OP,prd,DataHub,cold tier archival migration,2026-09-17,2026-09-17,Done,Medium,service-release||change-management,Riley Flame,Logan Snow,"DataHub cold storage partition migration from standard to archival tier. Moves 8TB of pre-2025 data.","Migration completed. Storage cost reduction of 22% confirmed.",New Initiatives,Infra Pillars,https://example.atlassian.net/browse/DSM-E017
DSM-E018,prd | CoreStream | producer throughput tuning,SERVICE_OP,prd,CoreStream,producer throughput tuning,2026-09-18,2026-09-18,Done,Medium,service-release||change-management,Riley Flame,Logan Snow,"CoreStream producer throughput tuning applied to improve batch commit efficiency during peak event volumes.","Throughput increased 18%. Producer error rate at 0.0%.",New Initiatives,Infra Pillars,https://example.atlassian.net/browse/DSM-E018
DSM-E019,prd | CyberEngine | ML model v4.2 deploy,SERVICE_OP,prd,CyberEngine,ML model v4.2 deploy,2026-09-19,2026-09-19,Done,High,service-release||change-management,Cameron Shade,Riley Flame,"CyberEngine ML fraud detection model v4.2 deployed to production following successful QA validation cycle.","Model live in production. Fraud detection rate improved by 8.3%.",Expansion Themes,Gaming,https://example.atlassian.net/browse/DSM-E019
DSM-E020,prd | AlphaLayer | API gateway rate limit update,SERVICE_OP,prd,AlphaLayer,API gateway rate limit update,2026-09-22,2026-09-22,Done,Medium,service-release||change-management,Cameron Shade,Elliot Hunter,"AlphaLayer API rate limits updated for partner tier 2 integrations. New burst allowance applied for campaign traffic.","Rate limit update applied. Partner API calls nominal.",RocketScience Themes,Data Entry Tools,https://example.atlassian.net/browse/DSM-E020
DSM-E021,prd | ZenithCore | OIDC migration phase 2,SERVICE_OP,prd,ZenithCore,OIDC migration phase 2,2026-09-23,2026-09-23,Done,High,service-release||change-management,Logan Snow,Riley Flame,"Phase 2 of ZenithCore OIDC provider migration. Legacy token endpoint decommissioned after confirming all relying parties updated.","Migration phase 2 complete. All relying parties on new endpoint.",New Initiatives,Customer Facing Foundations,https://example.atlassian.net/browse/DSM-E021
DSM-E022,qa | QuantumSync | load test validation,SERVICE_OP,qa,QuantumSync,load test validation,2026-09-24,2026-09-24,Done,Medium,service-release||change-management,Riley Flame,Cameron Shade,"Load test validation on QuantumSync following 40% capacity increase to confirm headroom under Q3 peak scenario.","Load test passed. Peak load scenario confirmed within SLA.",Expansion Themes,Gaming,https://example.atlassian.net/browse/DSM-E022
DSM-E023,stg | CyberEngine | velocity check rules update,SERVICE_OP,stg,CyberEngine,velocity check rules update,2026-09-25,2026-09-25,Done,Medium,service-release||change-management,Cameron Shade,Riley Flame,"CyberEngine velocity check rule set updated in staging ahead of Q4 holiday pre-deployment window.","Rules validated in staging. Ready for Q4 production promotion.",Expansion Themes,Gaming,https://example.atlassian.net/browse/DSM-E023
DSM-E024,prd | StreamNode | analytics pipeline ACL update,SERVICE_OP,prd,StreamNode,analytics pipeline ACL update,2026-09-26,2026-09-26,Done,Medium,service-release||change-management,Elliot West,Logan Snow,"StreamNode topic ACL updated to grant analytics pipeline consumer group read access to new events topic.","ACL applied. Analytics pipeline consuming without errors.",New Initiatives,Data Science,https://example.atlassian.net/browse/DSM-E024
DSM-E025,prd | GammaFlow | Q4 rule set pre-deployment,SERVICE_OP,prd,GammaFlow,Q4 rule set pre-deployment,2026-09-29,2026-09-29,In Progress,Medium,service-release||change-management,Cameron Shade,Drew West,"Q4 fraud detection rule set pre-deployment to GammaFlow ahead of holiday season peak. Includes updated velocity and amount thresholds.","Pre-deployment checks in progress. Smoke tests pending.",Digital Enablers,Payment Systems,https://example.atlassian.net/browse/DSM-E025
DSM-E026,prd | MatrixNet | event schema v4 migration,SERVICE_OP,prd,MatrixNet,event schema v4 migration,2026-09-30,2026-09-30,In Progress,Medium,service-release||change-management,Riley Flame,Logan Snow,"MatrixNet event schema v4 migration introducing new contract format for orders and fulfillment events.","Migration script running. Compatibility validation in progress.",New Initiatives,Infra Pillars,https://example.atlassian.net/browse/DSM-E026
DSM-BE001,Q3 Growth & Engagement Campaign,BUSINESS_EVENT,,,Campaign,2026-09-26,2026-09-01,In Progress,High,Event_Launch||service-release,Avery Hale,Quinn Storm,"Q3 Growth & Engagement Campaign running from September 1st through September 26th across all digital channels. The peak demand window is expected from 08/09/2026 to 12/09/2026. A traffic spike is anticipated on 22/09/2026 to 24/09/2026. All platform teams should ensure capacity is available and change freeze protocols are observed during peak periods.","Campaign tracking nominal. Platform performing within SLA during week-1 peak.",New Initiatives,Customer Facing Foundations,https://example.atlassian.net/browse/DSM-BE001
DSM-BE002,Platform Reliability Week,BUSINESS_EVENT,,,Reliability Initiative,2026-09-19,2026-09-15,Done,Medium,Event_Launch||service-release,Jules Frost,Jules Knight,"Platform Reliability Week running from September 15th through September 19th. Focus on resilience testing and SLA validation across all core platform services. Chaos engineering exercises scheduled for Sep 16 and Sep 18.","Week completed. All platform health targets met. SLA compliance at 99.97%.",New Initiatives,Infra Pillars,https://example.atlassian.net/browse/DSM-BE002
DSM-BE003,Q3 Internal Tech Summit,BUSINESS_EVENT,,,Internal Event,2026-09-24,2026-09-22,Done,Low,Event_Launch||service-release,Avery Hale,Quinn Storm,"Q3 Internal Tech Summit for engineering and product teams from September 22nd through September 24th. Platform change freeze requested during summit days to minimise on-call disruption.","Summit concluded successfully. Change freeze lifted on September 25th.",Expansion Themes,New Initiatives,https://example.atlassian.net/browse/DSM-BE003
DSM-M001,API Gateway v2.0 General Availability,MILESTONE,,,Release,2026-09-05,2026-09-01,Done,High,milestone||service-release,Cameron Shade,Elliot Hunter,"API Gateway v2.0 reaches general availability. New features include advanced rate limiting, OAuth 2.1 support, and enhanced observability for partner integrations. Breaking changes in /v1 partner endpoints deprecated.","GA release published. Partner onboarding documentation updated.",RocketScience Themes,Data Entry Tools,https://example.atlassian.net/browse/DSM-M001
DSM-M002,DataHub Real-Time Pipeline v1.0 Release,MILESTONE,,,Release,2026-09-12,2026-09-08,Done,High,milestone||service-release,Riley Flame,Logan Snow,"DataHub real-time data ingestion pipeline v1.0 released. Replaces batch-only model with sub-minute latency streaming from CoreStream.","Release deployed. First consumers onboarded successfully.",New Initiatives,Infra Pillars,https://example.atlassian.net/browse/DSM-M002
DSM-M003,CyberEngine ML Fraud Model v4.2 Deployment,MILESTONE,,,Release,2026-09-19,2026-09-15,Done,High,milestone||service-release,Cameron Shade,Riley Flame,"CyberEngine ML fraud detection model v4.2 reaches production milestone. Achieves 8.3% improvement in detection rate and 12% reduction in false positives vs v4.1.","Model in production since Sep 19. Monitoring stable.",Expansion Themes,Gaming,https://example.atlassian.net/browse/DSM-M003
DSM-M004,QuantumCore OIDC Provider Migration Complete,MILESTONE,,,Migration,2026-09-24,2026-09-15,Done,High,milestone||service-release,Logan Snow,Riley Flame,"QuantumCore OIDC provider migration fully complete. All internal workloads migrated from legacy token endpoint to new OIDC provider. Legacy endpoint decommissioned.","Migration signed off. Legacy endpoint decommissioned on Sep 23.",Expansion Themes,Back End,https://example.atlassian.net/browse/DSM-M004
DSM-M005,Q3 Security Audit Sign-off,MILESTONE,,,Audit,2026-09-30,2026-09-22,Implementing,Medium,milestone||service-release,Jordan Storm,Avery Hale,"Q3 security audit covering all production services. Includes penetration testing, vulnerability scanning, and compliance review. Sign-off required before Q4 platform changes can proceed.","Audit in final review stage. Two low-severity findings pending remediation.",New Initiatives,Infra Pillars,https://example.atlassian.net/browse/DSM-M005
DSM-P001,AMBER | Q3 Campaign Peak Period,PEAK_SEASON_PROTECTION_WINDOW,,,Peak Season Protection Window,2026-09-24,2026-09-08,Active,High,PeakSeasonProtectionWindow||service-release,Avery Hale,Quinn Storm,"AMBER protection window active during Q3 campaign peak period from Sep 8 to Sep 24. Standard change freeze applies. CAB approval required for all production changes during this window.","Window activated. All teams notified via service portal.",New Initiatives,Customer Facing Foundations,https://example.atlassian.net/browse/DSM-P001
DSM-P002,BLUE | Platform Reliability Week,PEAK_SEASON_PROTECTION_WINDOW,,,Peak Season Protection Window,2026-09-19,2026-09-15,Done,Medium,PeakSeasonProtectionWindow||service-release,Jules Frost,Jules Knight,"BLUE informational window during Platform Reliability Week from Sep 15 to Sep 19. Resilience testing in progress. Non-critical changes should be deferred to avoid interference with test scenarios.","Window closed on Sep 19. All reliability targets met.",New Initiatives,Infra Pillars,https://example.atlassian.net/browse/DSM-P002
DSM-P003,CAB | Weekly Change Advisory Board,PEAK_SEASON_PROTECTION_WINDOW,,,Change Advisory Board,2026-09-09,2026-09-09,Done,Medium,PeakSeasonProtectionWindow||service-release,Cameron Lane,Jules Knight,"Weekly Change Advisory Board session. Review and approve all production changes for the week of September 8th.","8 changes reviewed and approved. 1 deferred to following week.",,https://example.atlassian.net/browse/DSM-P003
DSM-P004,CAB | Weekly Change Advisory Board,PEAK_SEASON_PROTECTION_WINDOW,,,Change Advisory Board,2026-09-16,2026-09-16,Done,Medium,PeakSeasonProtectionWindow||service-release,Cameron Lane,Jules Knight,"Weekly Change Advisory Board session. Review and approve all production changes for the week of September 15th.","6 changes reviewed and approved.",,https://example.atlassian.net/browse/DSM-P004
DSM-P005,CAB | Weekly Change Advisory Board,PEAK_SEASON_PROTECTION_WINDOW,,,Change Advisory Board,2026-09-23,2026-09-23,Done,Medium,PeakSeasonProtectionWindow||service-release,Cameron Lane,Jules Knight,"Weekly Change Advisory Board session. Review and approve all production changes for the week of September 22nd.","7 changes reviewed and approved. 2 deferred pending Q3 security audit sign-off.",,https://example.atlassian.net/browse/DSM-P005
